flor4_236.jpg,4,0
flor7_526.jpg,7,0
flor7_198.jpg,7,0
flor4_326.jpg,4,0
flor6_341.jpg,6,0
flor3_155.jpg,3,0
flor4_35.jpg,4,0
flor5_236.jpg,5,0
flor5_401.jpg,5,0
flor2_407.jpg,2,0
flor5_145.jpg,5,0
flor3_72.jpg,3,0
flor7_374.jpg,7,0
flor5_338.jpg,5,0
flor4_452.jpg,4,0
flor7_542.jpg,7,0
flor2_393.jpg,2,0
flor4_113.jpg,4,0
flor7_384.jpg,7,0
flor4_222.jpg,4,0
flor2_329.jpg,2,0
flor6_64.jpg,6,0
flor5_107.jpg,5,0
flor2_254.jpg,2,0
flor6_136.jpg,6,0
flor7_181.jpg,7,0
flor2_372.jpg,2,0
flor4_277.jpg,4,0
flor4_251.jpg,4,0
flor4_31.jpg,4,0
flor3_430.jpg,3,0
flor7_494.jpg,7,0
flor3_474.jpg,3,0
flor6_244.jpg,6,0
flor7_83.jpg,7,0
flor7_410.jpg,7,0
flor2_169.jpg,2,0
flor4_313.jpg,4,0
flor4_171.jpg,4,0
flor4_56.jpg,4,0
flor4_98.jpg,4,0
flor2_335.jpg,2,0
flor2_98.jpg,2,0
flor5_116.jpg,5,0
flor4_318.jpg,4,0
flor7_425.jpg,7,0
flor2_179.jpg,2,0
flor5_439.jpg,5,0
flor3_432.jpg,3,0
flor4_528.jpg,4,0
flor5_359.jpg,5,0
flor7_223.jpg,7,0
flor1_18.jpg,1,0
flor6_296.jpg,6,0
flor7_366.jpg,7,0
flor4_324.jpg,4,0
flor5_111.jpg,5,0
flor2_153.jpg,2,0
flor3_276.jpg,3,0
flor5_378.jpg,5,0
flor7_487.jpg,7,0
flor3_397.jpg,3,0
flor2_66.jpg,2,0
flor3_167.jpg,3,0
flor2_295.jpg,2,0
flor6_114.jpg,6,0
flor4_151.jpg,4,0
flor4_333.jpg,4,0
flor6_140.jpg,6,0
flor3_90.jpg,3,0
flor4_480.jpg,4,0
flor2_135.jpg,2,0
flor1_99.jpg,1,0
flor2_447.jpg,2,0
flor5_349.jpg,5,0
flor2_70.jpg,2,0
flor4_263.jpg,4,0
flor3_427.jpg,3,0
flor2_421.jpg,2,0
flor5_21.jpg,5,0
flor6_256.jpg,6,0
flor2_485.jpg,2,0
flor7_14.jpg,7,0
flor7_220.jpg,7,0
flor7_529.jpg,7,0
flor4_504.jpg,4,0
flor2_214.jpg,2,0
flor6_41.jpg,6,0
flor2_514.jpg,2,0
flor1_78.jpg,1,0
flor4_219.jpg,4,0
flor7_90.jpg,7,0
flor3_21.jpg,3,0
flor7_318.jpg,7,0
flor6_31.jpg,6,0
flor3_6.jpg,3,0
flor2_141.jpg,2,0
flor4_402.jpg,4,0
flor6_298.jpg,6,0
flor4_59.jpg,4,0
flor6_363.jpg,6,0
flor5_4.jpg,5,0
flor5_41.jpg,5,0
flor5_157.jpg,5,0
flor5_39.jpg,5,0
flor3_122.jpg,3,0
flor3_183.jpg,3,0
flor4_426.jpg,4,0
flor7_504.jpg,7,0
flor7_503.jpg,7,0
flor7_478.jpg,7,0
flor5_331.jpg,5,0
flor3_350.jpg,3,0
flor1_100.jpg,1,0
flor2_259.jpg,2,0
flor7_301.jpg,7,0
flor6_163.jpg,6,0
flor3_207.jpg,3,0
flor6_243.jpg,6,0
flor3_468.jpg,3,0
flor5_226.jpg,5,0
flor7_200.jpg,7,0
flor7_551.jpg,7,0
flor5_18.jpg,5,0
flor4_408.jpg,4,0
flor5_133.jpg,5,0
flor5_287.jpg,5,0
flor2_178.jpg,2,0
flor3_200.jpg,3,0
flor2_249.jpg,2,0
flor4_361.jpg,4,0
flor4_193.jpg,4,0
flor3_453.jpg,3,0
flor1_43.jpg,1,0
flor3_27.jpg,3,0
flor3_112.jpg,3,0
flor4_506.jpg,4,0
flor3_410.jpg,3,0
flor4_104.jpg,4,0
flor5_455.jpg,5,0
flor6_406.jpg,6,0
flor6_4.jpg,6,0
flor6_345.jpg,6,0
flor5_297.jpg,5,0
flor5_384.jpg,5,0
flor3_63.jpg,3,0
flor2_366.jpg,2,0
flor6_280.jpg,6,0
flor3_29.jpg,3,0
flor7_53.jpg,7,0
flor7_431.jpg,7,0
flor2_493.jpg,2,0
flor2_292.jpg,2,0
flor6_38.jpg,6,0
flor3_363.jpg,3,0
flor6_125.jpg,6,0
flor5_101.jpg,5,0
flor5_435.jpg,5,0
flor4_371.jpg,4,0
flor2_402.jpg,2,0
flor6_245.jpg,6,0
flor2_101.jpg,2,0
flor3_439.jpg,3,0
flor5_158.jpg,5,0
flor7_27.jpg,7,0
flor5_150.jpg,5,0
flor1_26.jpg,1,0
flor4_259.jpg,4,0
flor4_347.jpg,4,0
flor7_94.jpg,7,0
flor5_387.jpg,5,0
flor2_432.jpg,2,0
flor4_247.jpg,4,0
flor2_373.jpg,2,0
flor5_17.jpg,5,0
flor5_55.jpg,5,0
flor3_119.jpg,3,0
flor5_221.jpg,5,0
flor6_192.jpg,6,0
flor7_560.jpg,7,0
flor3_194.jpg,3,0
flor7_550.jpg,7,0
flor7_73.jpg,7,0
flor7_180.jpg,7,0
flor4_532.jpg,4,0
flor6_229.jpg,6,0
flor4_165.jpg,4,0
flor5_10.jpg,5,0
flor5_283.jpg,5,0
flor5_63.jpg,5,0
flor4_132.jpg,4,0
flor7_314.jpg,7,0
flor7_224.jpg,7,0
flor7_451.jpg,7,0
flor4_167.jpg,4,0
flor5_49.jpg,5,0
flor7_361.jpg,7,0
flor6_457.jpg,6,0
flor7_376.jpg,7,0
flor1_67.jpg,1,0
flor7_276.jpg,7,0
flor7_446.jpg,7,0
flor6_131.jpg,6,0
flor6_310.jpg,6,0
flor2_47.jpg,2,0
flor3_333.jpg,3,0
flor2_55.jpg,2,0
flor2_80.jpg,2,0
flor4_212.jpg,4,0
flor7_138.jpg,7,0
flor1_115.jpg,1,0
flor1_0.jpg,1,0
flor5_185.jpg,5,0
flor7_457.jpg,7,0
flor2_255.jpg,2,0
flor4_103.jpg,4,0
flor7_406.jpg,7,0
flor6_228.jpg,6,0
flor6_328.jpg,6,0
flor3_223.jpg,3,0
flor5_225.jpg,5,0
flor5_376.jpg,5,0
flor5_61.jpg,5,0
flor4_149.jpg,4,0
flor2_161.jpg,2,0
flor2_221.jpg,2,0
flor7_274.jpg,7,0
flor6_238.jpg,6,0
flor6_231.jpg,6,0
flor3_463.jpg,3,0
flor3_123.jpg,3,0
flor7_355.jpg,7,0
flor4_292.jpg,4,0
flor3_353.jpg,3,0
flor3_444.jpg,3,0
flor6_308.jpg,6,0
flor7_435.jpg,7,0
flor6_161.jpg,6,0
flor3_304.jpg,3,0
flor5_114.jpg,5,0
flor7_229.jpg,7,0
flor3_370.jpg,3,0
flor7_369.jpg,7,0
flor7_155.jpg,7,0
flor2_7.jpg,2,0
flor3_179.jpg,3,0
flor2_190.jpg,2,0
flor2_361.jpg,2,0
flor2_423.jpg,2,0
flor7_145.jpg,7,0
flor7_19.jpg,7,0
flor2_416.jpg,2,0
flor5_14.jpg,5,0
flor3_54.jpg,3,0
flor4_391.jpg,4,0
flor3_174.jpg,3,0
flor3_354.jpg,3,0
flor3_12.jpg,3,0
flor1_87.jpg,1,0
flor2_14.jpg,2,0
flor3_139.jpg,3,0
flor7_44.jpg,7,0
flor3_300.jpg,3,0
flor4_382.jpg,4,0
flor4_78.jpg,4,0
flor2_91.jpg,2,0
flor3_315.jpg,3,0
flor2_429.jpg,2,0
flor4_153.jpg,4,0
flor1_14.jpg,1,0
flor2_471.jpg,2,0
flor3_134.jpg,3,0
flor6_71.jpg,6,0
flor4_447.jpg,4,0
flor4_227.jpg,4,0
flor6_463.jpg,6,0
flor6_346.jpg,6,0
flor6_327.jpg,6,0
flor2_521.jpg,2,0
flor6_254.jpg,6,0
flor3_514.jpg,3,0
flor2_328.jpg,2,0
flor7_512.jpg,7,0
flor2_218.jpg,2,0
flor2_308.jpg,2,0
flor7_234.jpg,7,0
flor6_258.jpg,6,0
flor5_176.jpg,5,0
flor3_128.jpg,3,0
flor6_399.jpg,6,0
flor4_517.jpg,4,0
flor1_22.jpg,1,0
flor2_362.jpg,2,0
flor2_463.jpg,2,0
flor2_155.jpg,2,0
flor5_13.jpg,5,0
flor2_477.jpg,2,0
flor6_227.jpg,6,0
flor7_5.jpg,7,0
flor3_288.jpg,3,0
flor7_241.jpg,7,0
flor2_401.jpg,2,0
flor2_266.jpg,2,0
flor2_71.jpg,2,0
flor3_297.jpg,3,0
flor5_403.jpg,5,0
flor7_408.jpg,7,0
flor5_306.jpg,5,0
flor6_267.jpg,6,0
flor3_205.jpg,3,0
flor7_441.jpg,7,0
flor2_180.jpg,2,0
flor3_124.jpg,3,0
flor4_49.jpg,4,0
flor5_119.jpg,5,0
flor4_490.jpg,4,0
flor4_1.jpg,4,0
flor4_15.jpg,4,0
flor5_375.jpg,5,0
flor1_33.jpg,1,0
flor6_189.jpg,6,0
flor3_341.jpg,3,0
flor2_398.jpg,2,0
flor7_382.jpg,7,0
flor4_229.jpg,4,0
flor4_474.jpg,4,0
flor4_542.jpg,4,0
flor4_533.jpg,4,0
flor3_322.jpg,3,0
flor3_209.jpg,3,0
flor5_223.jpg,5,0
flor6_288.jpg,6,0
flor1_73.jpg,1,0
flor2_415.jpg,2,0
flor6_460.jpg,6,0
flor7_538.jpg,7,0
flor7_496.jpg,7,0
flor2_470.jpg,2,0
flor7_159.jpg,7,0
flor5_7.jpg,5,0
flor6_278.jpg,6,0
flor2_410.jpg,2,0
flor2_433.jpg,2,0
flor4_76.jpg,4,0
flor2_311.jpg,2,0
flor5_38.jpg,5,0
flor5_288.jpg,5,0
flor3_170.jpg,3,0
flor5_163.jpg,5,0
flor7_154.jpg,7,0
flor3_224.jpg,3,0
flor3_91.jpg,3,0
flor3_243.jpg,3,0
flor7_283.jpg,7,0
flor2_242.jpg,2,0
flor2_454.jpg,2,0
flor2_490.jpg,2,0
flor3_386.jpg,3,0
flor4_425.jpg,4,0
flor7_203.jpg,7,0
flor7_125.jpg,7,0
flor4_302.jpg,4,0
flor3_509.jpg,3,0
flor4_496.jpg,4,0
flor6_404.jpg,6,0
flor2_498.jpg,2,0
flor3_373.jpg,3,0
flor3_388.jpg,3,0
flor2_265.jpg,2,0
flor5_412.jpg,5,0
flor5_11.jpg,5,0
flor6_390.jpg,6,0
flor5_72.jpg,5,0
flor7_169.jpg,7,0
flor7_59.jpg,7,0
flor3_517.jpg,3,0
flor2_469.jpg,2,0
flor5_329.jpg,5,0
flor3_100.jpg,3,0
flor7_559.jpg,7,0
flor7_488.jpg,7,0
flor5_363.jpg,5,0
flor5_26.jpg,5,0
flor7_173.jpg,7,0
flor5_419.jpg,5,0
flor7_68.jpg,7,0
flor2_51.jpg,2,0
flor7_8.jpg,7,0
flor2_363.jpg,2,0
flor7_342.jpg,7,0
flor4_196.jpg,4,0
flor7_126.jpg,7,0
flor7_207.jpg,7,0
flor3_497.jpg,3,0
flor2_305.jpg,2,0
flor2_239.jpg,2,0
flor2_92.jpg,2,0
flor5_84.jpg,5,0
flor6_235.jpg,6,0
flor2_436.jpg,2,0
flor7_289.jpg,7,0
flor3_181.jpg,3,0
flor5_339.jpg,5,0
flor4_272.jpg,4,0
flor3_248.jpg,3,0
flor7_141.jpg,7,0
flor3_143.jpg,3,0
flor5_259.jpg,5,0
flor3_36.jpg,3,0
flor7_4.jpg,7,0
flor5_208.jpg,5,0
flor2_34.jpg,2,0
flor7_128.jpg,7,0
flor4_268.jpg,4,0
flor2_111.jpg,2,0
flor5_194.jpg,5,0
flor7_357.jpg,7,0
flor5_421.jpg,5,0
flor6_362.jpg,6,0
flor6_396.jpg,6,0
flor6_205.jpg,6,0
flor4_179.jpg,4,0
flor2_312.jpg,2,0
flor6_504.jpg,6,0
flor6_194.jpg,6,0
flor4_40.jpg,4,0
flor2_483.jpg,2,0
flor6_382.jpg,6,0
flor6_485.jpg,6,0
flor3_18.jpg,3,0
flor1_118.jpg,1,0
flor3_130.jpg,3,0
flor7_333.jpg,7,0
flor4_21.jpg,4,0
flor2_21.jpg,2,0
flor5_58.jpg,5,0
flor7_561.jpg,7,0
flor2_238.jpg,2,0
flor6_180.jpg,6,0
flor6_502.jpg,6,0
flor2_351.jpg,2,0
flor2_386.jpg,2,0
flor2_197.jpg,2,0
flor5_161.jpg,5,0
flor2_354.jpg,2,0
flor4_4.jpg,4,0
flor7_508.jpg,7,0
flor6_454.jpg,6,0
flor6_302.jpg,6,0
flor5_267.jpg,5,0
flor6_474.jpg,6,0
flor2_333.jpg,2,0
flor1_69.jpg,1,0
flor6_94.jpg,6,0
flor6_393.jpg,6,0
flor3_176.jpg,3,0
flor2_60.jpg,2,0
flor7_469.jpg,7,0
flor6_173.jpg,6,0
flor2_126.jpg,2,0
flor7_364.jpg,7,0
flor5_51.jpg,5,0
flor2_529.jpg,2,0
flor6_25.jpg,6,0
flor4_482.jpg,4,0
flor5_284.jpg,5,0
flor4_367.jpg,4,0
flor2_50.jpg,2,0
flor6_175.jpg,6,0
flor6_11.jpg,6,0
flor7_56.jpg,7,0
flor6_499.jpg,6,0
flor4_436.jpg,4,0
flor3_31.jpg,3,0
flor4_117.jpg,4,0
flor2_307.jpg,2,0
flor3_13.jpg,3,0
flor7_338.jpg,7,0
flor6_425.jpg,6,0
flor2_476.jpg,2,0
flor4_271.jpg,4,0
flor4_423.jpg,4,0
flor2_391.jpg,2,0
flor7_395.jpg,7,0
flor3_202.jpg,3,0
flor5_190.jpg,5,0
flor3_247.jpg,3,0
flor5_210.jpg,5,0
flor6_329.jpg,6,0
flor1_32.jpg,1,0
flor6_426.jpg,6,0
flor5_365.jpg,5,0
flor4_431.jpg,4,0
flor7_340.jpg,7,0
flor6_408.jpg,6,0
flor7_16.jpg,7,0
flor2_426.jpg,2,0
flor4_466.jpg,4,0
flor3_419.jpg,3,0
flor2_404.jpg,2,0
flor4_274.jpg,4,0
flor4_135.jpg,4,0
flor7_323.jpg,7,0
flor5_138.jpg,5,0
flor5_245.jpg,5,0
flor7_23.jpg,7,0
flor5_67.jpg,5,0
flor6_458.jpg,6,0
flor5_199.jpg,5,0
flor2_170.jpg,2,0
flor1_84.jpg,1,0
flor4_206.jpg,4,0
flor2_128.jpg,2,0
flor4_52.jpg,4,0
flor4_309.jpg,4,0
flor5_399.jpg,5,0
flor7_76.jpg,7,0
flor4_28.jpg,4,0
flor2_314.jpg,2,0
flor4_155.jpg,4,0
flor5_122.jpg,5,0
flor1_17.jpg,1,0
flor6_209.jpg,6,0
flor2_181.jpg,2,0
flor2_232.jpg,2,0
flor6_506.jpg,6,0
flor5_0.jpg,5,0
flor3_125.jpg,3,0
flor2_400.jpg,2,0
flor6_186.jpg,6,0
flor2_142.jpg,2,0
flor4_325.jpg,4,0
flor4_75.jpg,4,0
flor6_154.jpg,6,0
flor4_68.jpg,4,0
flor2_147.jpg,2,0
flor4_392.jpg,4,0
flor6_145.jpg,6,0
flor2_445.jpg,2,0
flor6_223.jpg,6,0
flor2_523.jpg,2,0
flor3_234.jpg,3,0
flor4_50.jpg,4,0
flor4_298.jpg,4,0
flor7_515.jpg,7,0
flor3_268.jpg,3,0
flor6_494.jpg,6,0
flor4_228.jpg,4,0
flor2_504.jpg,2,0
flor5_105.jpg,5,0
flor7_429.jpg,7,0
flor7_269.jpg,7,0
flor2_479.jpg,2,0
flor4_261.jpg,4,0
flor3_340.jpg,3,0
flor1_104.jpg,1,0
flor4_373.jpg,4,0
flor7_2.jpg,7,0
flor4_51.jpg,4,0
flor5_282.jpg,5,0
flor2_501.jpg,2,0
flor6_392.jpg,6,0
flor2_83.jpg,2,0
flor2_160.jpg,2,0
flor7_321.jpg,7,0
flor4_237.jpg,4,0
flor3_433.jpg,3,0
flor2_46.jpg,2,0
flor7_292.jpg,7,0
flor4_226.jpg,4,0
flor6_355.jpg,6,0
flor6_320.jpg,6,0
flor4_175.jpg,4,0
flor2_444.jpg,2,0
flor5_197.jpg,5,0
flor3_50.jpg,3,0
flor2_102.jpg,2,0
flor1_58.jpg,1,0
flor6_420.jpg,6,0
flor5_219.jpg,5,0
flor3_515.jpg,3,0
flor4_87.jpg,4,0
flor4_358.jpg,4,0
flor6_164.jpg,6,0
flor5_260.jpg,5,0
flor3_436.jpg,3,0
flor3_378.jpg,3,0
flor3_97.jpg,3,0
flor7_129.jpg,7,0
flor3_153.jpg,3,0
flor6_331.jpg,6,0
flor7_101.jpg,7,0
flor2_332.jpg,2,0
flor7_336.jpg,7,0
flor4_239.jpg,4,0
flor3_195.jpg,3,0
flor2_370.jpg,2,0
flor4_372.jpg,4,0
flor5_330.jpg,5,0
flor1_12.jpg,1,0
flor7_444.jpg,7,0
flor7_135.jpg,7,0
flor4_477.jpg,4,0
flor3_0.jpg,3,0
flor2_150.jpg,2,0
flor3_259.jpg,3,0
flor4_265.jpg,4,0
flor2_22.jpg,2,0
flor1_76.jpg,1,0
flor1_56.jpg,1,0
flor1_109.jpg,1,0
flor7_544.jpg,7,0
flor7_475.jpg,7,0
flor1_57.jpg,1,0
flor6_476.jpg,6,0
flor3_157.jpg,3,0
flor6_348.jpg,6,0
flor5_425.jpg,5,0
flor2_283.jpg,2,0
flor2_336.jpg,2,0
flor3_146.jpg,3,0
flor2_252.jpg,2,0
flor7_548.jpg,7,0
flor6_147.jpg,6,0
flor6_57.jpg,6,0
flor3_136.jpg,3,0
flor5_112.jpg,5,0
flor7_131.jpg,7,0
flor4_66.jpg,4,0
flor3_277.jpg,3,0
flor3_424.jpg,3,0
flor7_390.jpg,7,0
flor4_415.jpg,4,0
flor4_44.jpg,4,0
flor3_84.jpg,3,0
flor6_480.jpg,6,0
flor2_315.jpg,2,0
flor3_345.jpg,3,0
flor3_404.jpg,3,0
flor7_48.jpg,7,0
flor3_339.jpg,3,0
flor4_10.jpg,4,0
flor2_482.jpg,2,0
flor2_439.jpg,2,0
flor4_13.jpg,4,0
flor6_459.jpg,6,0
flor7_387.jpg,7,0
flor2_131.jpg,2,0
flor2_334.jpg,2,0
flor4_467.jpg,4,0
flor7_279.jpg,7,0
flor2_378.jpg,2,0
flor4_381.jpg,4,0
flor4_70.jpg,4,0
flor5_179.jpg,5,0
flor6_130.jpg,6,0
flor4_47.jpg,4,0
flor7_197.jpg,7,0
flor6_433.jpg,6,0
flor1_65.jpg,1,0
flor7_134.jpg,7,0
flor6_412.jpg,6,0
flor6_110.jpg,6,0
flor3_438.jpg,3,0
flor7_189.jpg,7,0
flor2_453.jpg,2,0
flor7_464.jpg,7,0
flor5_102.jpg,5,0
flor3_114.jpg,3,0
flor6_276.jpg,6,0
flor3_242.jpg,3,0
flor3_449.jpg,3,0
flor6_218.jpg,6,0
flor5_141.jpg,5,0
flor6_369.jpg,6,0
flor1_29.jpg,1,0
flor4_443.jpg,4,0
flor7_466.jpg,7,0
flor6_214.jpg,6,0
flor7_300.jpg,7,0
flor3_471.jpg,3,0
flor5_239.jpg,5,0
flor3_65.jpg,3,0
flor4_114.jpg,4,0
flor6_128.jpg,6,0
flor3_368.jpg,3,0
flor2_365.jpg,2,0
flor6_477.jpg,6,0
flor4_200.jpg,4,0
flor3_384.jpg,3,0
flor1_113.jpg,1,0
flor6_478.jpg,6,0
flor4_529.jpg,4,0
flor2_280.jpg,2,0
flor7_64.jpg,7,0
flor4_210.jpg,4,0
flor6_444.jpg,6,0
flor3_210.jpg,3,0
flor5_374.jpg,5,0
flor4_398.jpg,4,0
flor7_511.jpg,7,0
flor2_390.jpg,2,0
flor6_287.jpg,6,0
flor4_433.jpg,4,0
flor3_420.jpg,3,0
flor3_389.jpg,3,0
flor4_521.jpg,4,0
flor1_70.jpg,1,0
flor7_102.jpg,7,0
flor3_265.jpg,3,0
flor3_275.jpg,3,0
flor4_456.jpg,4,0
flor2_274.jpg,2,0
flor7_118.jpg,7,0
flor2_118.jpg,2,0
flor6_282.jpg,6,0
flor2_115.jpg,2,0
flor4_177.jpg,4,0
flor6_106.jpg,6,0
flor6_9.jpg,6,0
flor5_448.jpg,5,0
flor4_378.jpg,4,0
flor4_130.jpg,4,0
flor3_180.jpg,3,0
flor4_246.jpg,4,0
flor4_252.jpg,4,0
flor4_401.jpg,4,0
flor4_0.jpg,4,0
flor4_348.jpg,4,0
flor2_296.jpg,2,0
flor6_309.jpg,6,0
flor4_377.jpg,4,0
flor5_369.jpg,5,0
flor5_8.jpg,5,0
flor7_528.jpg,7,0
flor2_225.jpg,2,0
flor5_36.jpg,5,0
flor7_153.jpg,7,0
flor6_174.jpg,6,0
flor6_409.jpg,6,0
flor3_359.jpg,3,0
flor5_265.jpg,5,0
flor3_452.jpg,3,0
flor6_496.jpg,6,0
flor6_376.jpg,6,0
flor2_527.jpg,2,0
flor1_51.jpg,1,0
flor2_222.jpg,2,0
flor4_93.jpg,4,0
flor2_176.jpg,2,0
flor3_273.jpg,3,0
flor2_317.jpg,2,0
flor2_75.jpg,2,0
flor6_124.jpg,6,0
flor7_447.jpg,7,0
flor7_259.jpg,7,0
flor3_425.jpg,3,0
flor5_305.jpg,5,0
flor3_429.jpg,3,0
flor7_172.jpg,7,0
flor4_541.jpg,4,0
flor3_441.jpg,3,0
flor3_193.jpg,3,0
flor4_262.jpg,4,0
flor4_192.jpg,4,0
flor5_229.jpg,5,0
flor5_244.jpg,5,0
flor6_170.jpg,6,0
flor5_97.jpg,5,0
flor6_17.jpg,6,0
flor4_166.jpg,4,0
flor4_45.jpg,4,0
flor7_492.jpg,7,0
flor5_35.jpg,5,0
flor4_421.jpg,4,0
flor4_360.jpg,4,0
flor3_380.jpg,3,0
flor3_513.jpg,3,0
flor7_245.jpg,7,0
flor6_330.jpg,6,0
flor4_314.jpg,4,0
flor6_168.jpg,6,0
flor5_395.jpg,5,0
flor3_87.jpg,3,0
flor6_241.jpg,6,0
flor5_317.jpg,5,0
flor3_203.jpg,3,0
flor4_3.jpg,4,0
flor1_124.jpg,1,0
flor7_257.jpg,7,0
flor6_285.jpg,6,0
flor5_12.jpg,5,0
flor2_394.jpg,2,0
flor2_427.jpg,2,0
flor4_459.jpg,4,0
flor6_234.jpg,6,0
flor6_118.jpg,6,0
flor3_241.jpg,3,0
flor1_25.jpg,1,0
flor7_491.jpg,7,0
flor5_274.jpg,5,0
flor4_221.jpg,4,0
flor2_258.jpg,2,0
flor4_174.jpg,4,0
flor3_225.jpg,3,0
flor6_491.jpg,6,0
flor4_540.jpg,4,0
flor7_557.jpg,7,0
flor7_232.jpg,7,0
flor3_342.jpg,3,0
flor3_95.jpg,3,0
flor5_104.jpg,5,0
flor2_489.jpg,2,0
flor4_207.jpg,4,0
flor4_442.jpg,4,0
flor7_192.jpg,7,0
flor2_405.jpg,2,0
flor6_44.jpg,6,0
flor4_185.jpg,4,0
flor7_443.jpg,7,0
flor7_261.jpg,7,0
flor5_187.jpg,5,0
flor7_365.jpg,7,0
flor4_158.jpg,4,0
flor2_352.jpg,2,0
flor7_272.jpg,7,0
flor3_138.jpg,3,0
flor7_298.jpg,7,0
flor2_183.jpg,2,0
flor6_135.jpg,6,0
flor6_398.jpg,6,0
flor2_330.jpg,2,0
flor2_343.jpg,2,0
flor2_11.jpg,2,0
flor5_295.jpg,5,0
flor6_221.jpg,6,0
flor6_144.jpg,6,0
flor6_211.jpg,6,0
flor4_26.jpg,4,0
flor4_241.jpg,4,0
flor7_152.jpg,7,0
flor3_26.jpg,3,0
flor3_400.jpg,3,0
flor6_230.jpg,6,0
flor7_398.jpg,7,0
flor4_124.jpg,4,0
flor7_377.jpg,7,0
flor3_442.jpg,3,0
flor7_328.jpg,7,0
flor7_426.jpg,7,0
flor3_266.jpg,3,0
flor4_538.jpg,4,0
flor6_449.jpg,6,0
flor3_67.jpg,3,0
flor7_434.jpg,7,0
flor3_278.jpg,3,0
flor4_48.jpg,4,0
flor6_375.jpg,6,0
flor7_268.jpg,7,0
flor1_80.jpg,1,0
flor7_228.jpg,7,0
flor6_213.jpg,6,0
flor5_301.jpg,5,0
flor4_399.jpg,4,0
flor5_85.jpg,5,0
flor2_437.jpg,2,0
flor7_415.jpg,7,0
flor2_281.jpg,2,0
flor7_549.jpg,7,0
flor7_136.jpg,7,0
flor2_151.jpg,2,0
flor7_116.jpg,7,0
flor7_256.jpg,7,0
flor7_50.jpg,7,0
flor3_346.jpg,3,0
flor3_485.jpg,3,0
flor3_69.jpg,3,0
flor2_473.jpg,2,0
flor6_240.jpg,6,0
flor7_0.jpg,7,0
flor3_154.jpg,3,0
flor7_158.jpg,7,0
flor6_184.jpg,6,0
flor5_370.jpg,5,0
flor2_466.jpg,2,0
flor7_77.jpg,7,0
flor3_103.jpg,3,0
flor5_177.jpg,5,0
flor5_442.jpg,5,0
flor5_444.jpg,5,0
flor3_326.jpg,3,0
flor4_289.jpg,4,0
flor5_181.jpg,5,0
flor2_86.jpg,2,0
flor3_4.jpg,3,0
flor7_389.jpg,7,0
flor4_340.jpg,4,0
flor4_2.jpg,4,0
flor5_65.jpg,5,0
flor7_303.jpg,7,0
flor4_152.jpg,4,0
flor5_136.jpg,5,0
flor1_83.jpg,1,0
flor3_411.jpg,3,0
flor6_129.jpg,6,0
flor4_352.jpg,4,0
flor5_15.jpg,5,0
flor6_344.jpg,6,0
flor5_433.jpg,5,0
flor2_424.jpg,2,0
flor2_144.jpg,2,0
flor3_80.jpg,3,0
flor2_461.jpg,2,0
flor4_424.jpg,4,0
flor7_402.jpg,7,0
flor5_73.jpg,5,0
flor3_460.jpg,3,0
flor4_244.jpg,4,0
flor5_304.jpg,5,0
flor3_298.jpg,3,0
flor3_15.jpg,3,0
flor5_382.jpg,5,0
flor4_269.jpg,4,0
flor2_230.jpg,2,0
flor3_165.jpg,3,0
flor3_51.jpg,3,0
flor3_82.jpg,3,0
flor7_250.jpg,7,0
flor3_92.jpg,3,0
flor6_378.jpg,6,0
flor5_309.jpg,5,0
flor2_369.jpg,2,0
flor5_251.jpg,5,0
flor7_86.jpg,7,0
flor5_361.jpg,5,0
flor7_471.jpg,7,0
flor3_301.jpg,3,0
flor4_429.jpg,4,0
flor6_295.jpg,6,0
flor7_258.jpg,7,0
flor3_510.jpg,3,0
flor5_224.jpg,5,0
flor6_493.jpg,6,0
flor4_41.jpg,4,0
flor2_358.jpg,2,0
flor3_222.jpg,3,0
flor5_56.jpg,5,0
flor5_402.jpg,5,0
flor3_219.jpg,3,0
flor2_129.jpg,2,0
flor3_55.jpg,3,0
flor3_383.jpg,3,0
flor4_220.jpg,4,0
flor4_435.jpg,4,0
flor3_78.jpg,3,0
flor2_45.jpg,2,0
flor6_77.jpg,6,0
flor5_109.jpg,5,0
flor7_554.jpg,7,0
flor6_224.jpg,6,0
flor7_95.jpg,7,0
flor2_13.jpg,2,0
flor7_518.jpg,7,0
flor2_48.jpg,2,0
flor5_350.jpg,5,0
flor5_228.jpg,5,0
flor4_518.jpg,4,0
flor3_470.jpg,3,0
flor5_183.jpg,5,0
flor4_327.jpg,4,0
flor2_440.jpg,2,0
flor7_436.jpg,7,0
flor5_186.jpg,5,0
flor5_275.jpg,5,0
flor3_226.jpg,3,0
flor6_439.jpg,6,0
flor1_71.jpg,1,0
flor2_123.jpg,2,0
flor2_287.jpg,2,0
flor2_27.jpg,2,0
flor4_181.jpg,4,0
flor5_429.jpg,5,0
flor3_244.jpg,3,0
flor6_85.jpg,6,0
flor6_385.jpg,6,0
flor6_492.jpg,6,0
flor2_112.jpg,2,0
flor7_399.jpg,7,0
flor6_137.jpg,6,0
flor7_142.jpg,7,0
flor3_85.jpg,3,0
flor6_286.jpg,6,0
flor7_391.jpg,7,0
flor2_85.jpg,2,0
flor6_75.jpg,6,0
flor1_86.jpg,1,0
flor3_177.jpg,3,0
flor6_108.jpg,6,0
flor2_172.jpg,2,0
flor4_366.jpg,4,0
flor4_143.jpg,4,0
flor4_481.jpg,4,0
flor2_203.jpg,2,0
flor4_536.jpg,4,0
flor4_384.jpg,4,0
flor7_110.jpg,7,0
flor6_107.jpg,6,0
flor2_381.jpg,2,0
flor4_317.jpg,4,0
flor6_165.jpg,6,0
flor7_124.jpg,7,0
flor3_126.jpg,3,0
flor6_65.jpg,6,0
flor4_374.jpg,4,0
flor6_349.jpg,6,0
flor2_64.jpg,2,0
flor6_290.jpg,6,0
flor5_81.jpg,5,0
flor6_134.jpg,6,0
flor2_484.jpg,2,0
flor2_16.jpg,2,0
flor1_88.jpg,1,0
flor5_291.jpg,5,0
flor2_226.jpg,2,0
flor7_49.jpg,7,0
flor5_243.jpg,5,0
flor2_420.jpg,2,0
flor6_410.jpg,6,0
flor2_29.jpg,2,0
flor4_280.jpg,4,0
flor5_358.jpg,5,0
flor2_215.jpg,2,0
flor3_493.jpg,3,0
flor5_390.jpg,5,0
flor1_123.jpg,1,0
flor3_238.jpg,3,0
flor7_393.jpg,7,0
flor2_455.jpg,2,0
flor3_108.jpg,3,0
flor7_89.jpg,7,0
flor3_267.jpg,3,0
flor3_495.jpg,3,0
flor4_188.jpg,4,0
flor7_70.jpg,7,0
flor4_390.jpg,4,0
flor3_198.jpg,3,0
flor7_178.jpg,7,0
flor4_225.jpg,4,0
flor1_48.jpg,1,0
flor4_417.jpg,4,0
flor5_24.jpg,5,0
flor2_94.jpg,2,0
flor4_405.jpg,4,0
flor7_524.jpg,7,0
flor2_79.jpg,2,0
flor7_440.jpg,7,0
flor4_214.jpg,4,0
flor5_79.jpg,5,0
flor2_233.jpg,2,0
flor7_251.jpg,7,0
flor5_335.jpg,5,0
flor6_215.jpg,6,0
flor3_178.jpg,3,0
flor6_237.jpg,6,0
flor5_355.jpg,5,0
flor4_7.jpg,4,0
flor5_139.jpg,5,0
flor4_282.jpg,4,0
flor3_117.jpg,3,0
flor2_288.jpg,2,0
flor6_471.jpg,6,0
flor7_350.jpg,7,0
flor5_343.jpg,5,0
flor2_299.jpg,2,0
flor2_68.jpg,2,0
flor3_14.jpg,3,0
flor5_249.jpg,5,0
flor4_509.jpg,4,0
flor7_280.jpg,7,0
flor7_165.jpg,7,0
flor4_74.jpg,4,0
flor2_145.jpg,2,0
flor6_182.jpg,6,0
flor2_187.jpg,2,0
flor3_30.jpg,3,0
flor3_280.jpg,3,0
flor5_75.jpg,5,0
flor1_111.jpg,1,0
flor2_6.jpg,2,0
flor3_1.jpg,3,0
flor7_513.jpg,7,0
flor5_325.jpg,5,0
flor2_414.jpg,2,0
flor4_190.jpg,4,0
flor6_315.jpg,6,0
flor1_23.jpg,1,0
flor4_22.jpg,4,0
flor4_208.jpg,4,0
flor1_31.jpg,1,0
flor1_49.jpg,1,0
flor7_79.jpg,7,0
flor4_88.jpg,4,0
flor6_104.jpg,6,0
flor7_218.jpg,7,0
flor5_362.jpg,5,0
flor4_351.jpg,4,0
flor6_198.jpg,6,0
flor6_152.jpg,6,0
flor4_416.jpg,4,0
flor3_246.jpg,3,0
flor3_227.jpg,3,0
flor4_85.jpg,4,0
flor5_132.jpg,5,0
flor6_160.jpg,6,0
flor6_103.jpg,6,0
flor4_428.jpg,4,0
flor7_263.jpg,7,0
flor7_160.jpg,7,0
flor6_343.jpg,6,0
flor6_436.jpg,6,0
flor2_246.jpg,2,0
flor5_300.jpg,5,0
flor2_301.jpg,2,0
flor2_77.jpg,2,0
flor4_256.jpg,4,0
flor4_238.jpg,4,0
flor3_337.jpg,3,0
flor4_489.jpg,4,0
flor5_205.jpg,5,0
flor5_222.jpg,5,0
flor7_281.jpg,7,0
flor4_397.jpg,4,0
flor5_252.jpg,5,0
flor7_262.jpg,7,0
flor7_111.jpg,7,0
flor3_121.jpg,3,0
flor5_431.jpg,5,0
flor4_499.jpg,4,0
flor5_83.jpg,5,0
flor2_159.jpg,2,0
flor2_357.jpg,2,0
flor4_101.jpg,4,0
flor3_426.jpg,3,0
flor5_166.jpg,5,0
flor6_251.jpg,6,0
flor4_128.jpg,4,0
flor7_455.jpg,7,0
flor4_125.jpg,4,0
flor4_83.jpg,4,0
flor7_306.jpg,7,0
flor6_422.jpg,6,0
flor3_239.jpg,3,0
flor3_77.jpg,3,0
flor6_316.jpg,6,0
flor6_461.jpg,6,0
flor6_453.jpg,6,0
flor3_461.jpg,3,0
flor2_133.jpg,2,0
flor4_270.jpg,4,0
flor6_465.jpg,6,0
flor6_10.jpg,6,0
flor5_134.jpg,5,0
flor7_397.jpg,7,0
flor2_154.jpg,2,0
flor4_525.jpg,4,0
flor3_469.jpg,3,0
flor7_35.jpg,7,0
flor6_185.jpg,6,0
flor7_74.jpg,7,0
flor6_188.jpg,6,0
flor2_253.jpg,2,0
flor2_148.jpg,2,0
flor2_383.jpg,2,0
flor3_335.jpg,3,0
flor6_117.jpg,6,0
flor3_487.jpg,3,0
flor5_201.jpg,5,0
flor1_52.jpg,1,0
flor7_354.jpg,7,0
flor2_419.jpg,2,0
flor5_294.jpg,5,0
flor7_235.jpg,7,0
flor4_240.jpg,4,0
flor7_422.jpg,7,0
flor4_295.jpg,4,0
flor6_143.jpg,6,0
flor2_344.jpg,2,0
flor6_468.jpg,6,0
flor7_87.jpg,7,0
flor5_368.jpg,5,0
flor6_501.jpg,6,0
flor5_32.jpg,5,0
flor7_225.jpg,7,0
flor4_73.jpg,4,0
flor4_276.jpg,4,0
flor5_70.jpg,5,0
flor1_44.jpg,1,0
flor2_223.jpg,2,0
flor3_217.jpg,3,0
flor6_423.jpg,6,0
flor3_446.jpg,3,0
flor2_516.jpg,2,0
flor6_78.jpg,6,0
flor4_475.jpg,4,0
flor3_391.jpg,3,0
flor6_74.jpg,6,0
flor1_85.jpg,1,0
flor1_121.jpg,1,0
flor2_38.jpg,2,0
flor7_505.jpg,7,0
flor7_92.jpg,7,0
flor4_234.jpg,4,0
flor5_234.jpg,5,0
flor3_41.jpg,3,0
flor4_57.jpg,4,0
flor5_446.jpg,5,0
flor2_367.jpg,2,0
flor2_509.jpg,2,0
flor3_8.jpg,3,0
flor7_72.jpg,7,0
flor4_524.jpg,4,0
flor5_364.jpg,5,0
flor2_110.jpg,2,0
flor3_414.jpg,3,0
flor2_30.jpg,2,0
flor7_194.jpg,7,0
flor5_392.jpg,5,0
flor1_30.jpg,1,0
flor2_522.jpg,2,0
flor6_356.jpg,6,0
flor6_430.jpg,6,0
flor2_188.jpg,2,0
flor5_174.jpg,5,0
flor7_176.jpg,7,0
flor1_102.jpg,1,0
flor2_375.jpg,2,0
flor4_213.jpg,4,0
flor7_394.jpg,7,0
flor3_172.jpg,3,0
flor2_99.jpg,2,0
flor2_379.jpg,2,0
flor3_233.jpg,3,0
flor7_115.jpg,7,0
flor3_314.jpg,3,0
flor3_377.jpg,3,0
flor4_138.jpg,4,0
flor6_69.jpg,6,0
flor5_155.jpg,5,0
flor2_204.jpg,2,0
flor3_148.jpg,3,0
flor5_341.jpg,5,0
flor4_176.jpg,4,0
flor3_56.jpg,3,0
flor4_19.jpg,4,0
flor6_292.jpg,6,0
flor7_216.jpg,7,0
flor6_318.jpg,6,0
flor4_472.jpg,4,0
flor3_358.jpg,3,0
flor4_36.jpg,4,0
flor3_416.jpg,3,0
flor3_312.jpg,3,0
flor6_207.jpg,6,0
flor5_182.jpg,5,0
flor6_196.jpg,6,0
flor6_112.jpg,6,0
flor7_21.jpg,7,0
flor5_285.jpg,5,0
flor7_146.jpg,7,0
flor4_86.jpg,4,0
flor2_194.jpg,2,0
flor7_409.jpg,7,0
flor6_489.jpg,6,0
flor6_21.jpg,6,0
flor2_90.jpg,2,0
flor5_356.jpg,5,0
flor6_217.jpg,6,0
flor2_286.jpg,2,0
flor3_137.jpg,3,0
flor7_416.jpg,7,0
flor5_264.jpg,5,0
flor3_305.jpg,3,0
flor6_386.jpg,6,0
flor4_122.jpg,4,0
flor4_441.jpg,4,0
flor7_168.jpg,7,0
flor2_502.jpg,2,0
flor6_417.jpg,6,0
flor3_407.jpg,3,0
flor1_105.jpg,1,0
flor6_435.jpg,6,0
flor6_197.jpg,6,0
flor6_193.jpg,6,0
flor4_465.jpg,4,0
flor7_99.jpg,7,0
flor2_519.jpg,2,0
flor5_380.jpg,5,0
flor4_23.jpg,4,0
flor3_464.jpg,3,0
flor4_427.jpg,4,0
flor6_301.jpg,6,0
flor3_334.jpg,3,1
flor5_345.jpg,5,1
flor3_192.jpg,3,1
flor6_181.jpg,6,1
flor2_193.jpg,2,1
flor2_212.jpg,2,1
flor4_257.jpg,4,1
flor1_7.jpg,1,1
flor5_238.jpg,5,1
flor7_249.jpg,7,1
flor3_482.jpg,3,1
flor6_190.jpg,6,1
flor6_37.jpg,6,1
flor2_35.jpg,2,1
flor7_174.jpg,7,1
flor5_440.jpg,5,1
flor6_437.jpg,6,1
flor1_8.jpg,1,1
flor1_45.jpg,1,1
flor4_353.jpg,4,1
flor4_11.jpg,4,1
flor4_321.jpg,4,1
flor6_291.jpg,6,1
flor3_409.jpg,3,1
flor7_458.jpg,7,1
flor2_282.jpg,2,1
flor6_157.jpg,6,1
flor7_327.jpg,7,1
flor6_148.jpg,6,1
flor2_474.jpg,2,1
flor4_137.jpg,4,1
flor7_555.jpg,7,1
flor4_54.jpg,4,1
flor5_188.jpg,5,1
flor5_336.jpg,5,1
flor7_445.jpg,7,1
flor4_380.jpg,4,1
flor5_3.jpg,5,1
flor4_531.jpg,4,1
flor6_443.jpg,6,1
flor6_239.jpg,6,1
flor3_141.jpg,3,1
flor7_358.jpg,7,1
flor6_441.jpg,6,1
flor2_503.jpg,2,1
flor1_59.jpg,1,1
flor4_468.jpg,4,1
flor5_209.jpg,5,1
flor4_191.jpg,4,1
flor2_298.jpg,2,1
flor2_158.jpg,2,1
flor5_94.jpg,5,1
flor7_439.jpg,7,1
flor7_418.jpg,7,1
flor2_12.jpg,2,1
flor5_50.jpg,5,1
flor2_93.jpg,2,1
flor7_296.jpg,7,1
flor6_391.jpg,6,1
flor3_392.jpg,3,1
flor7_486.jpg,7,1
flor7_375.jpg,7,1
flor6_61.jpg,6,1
flor7_254.jpg,7,1
flor2_196.jpg,2,1
flor4_189.jpg,4,1
flor7_545.jpg,7,1
flor6_51.jpg,6,1
flor1_120.jpg,1,1
flor6_99.jpg,6,1
flor7_164.jpg,7,1
flor4_107.jpg,4,1
flor6_366.jpg,6,1
flor3_252.jpg,3,1
flor1_20.jpg,1,1
flor5_152.jpg,5,1
flor6_149.jpg,6,1
flor7_293.jpg,7,1
flor5_453.jpg,5,1
flor3_101.jpg,3,1
flor5_232.jpg,5,1
flor3_336.jpg,3,1
flor3_43.jpg,3,1
flor3_393.jpg,3,1
flor6_59.jpg,6,1
flor2_534.jpg,2,1
flor6_464.jpg,6,1
flor5_404.jpg,5,1
flor4_159.jpg,4,1
flor6_293.jpg,6,1
flor5_149.jpg,5,1
flor6_429.jpg,6,1
flor5_80.jpg,5,1
flor5_103.jpg,5,1
flor1_108.jpg,1,1
flor5_276.jpg,5,1
flor2_302.jpg,2,1
flor2_462.jpg,2,1
flor4_37.jpg,4,1
flor2_450.jpg,2,1
flor5_148.jpg,5,1
flor3_281.jpg,3,1
flor4_306.jpg,4,1
flor2_103.jpg,2,1
flor2_84.jpg,2,1
flor4_486.jpg,4,1
flor4_291.jpg,4,1
flor2_322.jpg,2,1
flor4_369.jpg,4,1
flor4_287.jpg,4,1
flor3_309.jpg,3,1
flor5_371.jpg,5,1
flor4_25.jpg,4,1
flor2_515.jpg,2,1
flor7_260.jpg,7,1
flor3_394.jpg,3,1
flor4_438.jpg,4,1
flor1_93.jpg,1,1
flor2_186.jpg,2,1
flor6_379.jpg,6,1
flor6_62.jpg,6,1
flor3_294.jpg,3,1
flor2_350.jpg,2,1
flor6_47.jpg,6,1
flor3_5.jpg,3,1
flor6_42.jpg,6,1
flor6_232.jpg,6,1
flor5_443.jpg,5,1
flor7_288.jpg,7,1
flor7_452.jpg,7,1
flor2_124.jpg,2,1
flor1_13.jpg,1,1
flor7_454.jpg,7,1
flor4_485.jpg,4,1
flor3_306.jpg,3,1
flor3_236.jpg,3,1
flor4_320.jpg,4,1
flor2_49.jpg,2,1
flor3_347.jpg,3,1
flor3_408.jpg,3,1
flor4_172.jpg,4,1
flor4_43.jpg,4,1
flor4_393.jpg,4,1
flor6_36.jpg,6,1
flor2_340.jpg,2,1
flor5_352.jpg,5,1
flor2_185.jpg,2,1
flor4_457.jpg,4,1
flor7_157.jpg,7,1
flor6_1.jpg,6,1
flor3_197.jpg,3,1
flor7_117.jpg,7,1
flor4_535.jpg,4,1
flor3_365.jpg,3,1
flor5_86.jpg,5,1
flor4_303.jpg,4,1
flor7_28.jpg,7,1
flor2_56.jpg,2,1
flor6_351.jpg,6,1
flor2_40.jpg,2,1
flor2_175.jpg,2,1
flor3_285.jpg,3,1
flor2_163.jpg,2,1
flor5_438.jpg,5,2
flor2_138.jpg,2,2
flor3_450.jpg,3,2
flor4_439.jpg,4,2
flor4_79.jpg,4,2
flor4_160.jpg,4,2
flor6_484.jpg,6,2
flor7_264.jpg,7,2
flor4_242.jpg,4,2
flor4_145.jpg,4,2
flor2_240.jpg,2,2
flor7_474.jpg,7,2
flor5_2.jpg,5,2
flor4_266.jpg,4,2
flor5_20.jpg,5,2
flor6_266.jpg,6,2
flor2_216.jpg,2,2
flor2_399.jpg,2,2
flor6_84.jpg,6,2
flor2_219.jpg,2,2
flor3_147.jpg,3,2
flor5_131.jpg,5,2
flor4_5.jpg,4,2
flor6_55.jpg,6,2
flor6_456.jpg,6,2
flor6_448.jpg,6,2
flor5_28.jpg,5,2
flor6_451.jpg,6,2
flor6_156.jpg,6,2
flor7_237.jpg,7,2
flor4_110.jpg,4,2
flor3_175.jpg,3,2
flor7_339.jpg,7,2
flor4_131.jpg,4,2
flor6_389.jpg,6,2
flor2_526.jpg,2,2
flor4_387.jpg,4,2
flor4_283.jpg,4,2
flor5_198.jpg,5,2
flor2_316.jpg,2,2
flor2_310.jpg,2,2
flor7_531.jpg,7,2
flor6_255.jpg,6,2
flor7_273.jpg,7,2
flor2_105.jpg,2,2
flor3_361.jpg,3,2
flor5_303.jpg,5,2
flor3_369.jpg,3,2
flor5_280.jpg,5,2
flor2_468.jpg,2,2
flor5_406.jpg,5,2
flor3_118.jpg,3,2
flor7_490.jpg,7,2
flor5_42.jpg,5,2
flor3_144.jpg,3,2
flor3_263.jpg,3,2
flor4_332.jpg,4,2
flor2_492.jpg,2,2
flor6_394.jpg,6,2
flor3_145.jpg,3,2
flor7_120.jpg,7,2
flor6_89.jpg,6,2
flor6_86.jpg,6,2
flor7_193.jpg,7,2
flor7_500.jpg,7,2
flor4_368.jpg,4,2
flor7_143.jpg,7,2
flor2_119.jpg,2,2
flor2_380.jpg,2,2
flor2_279.jpg,2,2
flor2_425.jpg,2,2
flor3_423.jpg,3,2
flor6_24.jpg,6,2
flor7_359.jpg,7,2
flor3_215.jpg,3,2
flor5_16.jpg,5,2
flor6_236.jpg,6,2
flor5_389.jpg,5,2
flor4_403.jpg,4,2
flor2_508.jpg,2,2
flor6_96.jpg,6,2
flor3_360.jpg,3,2
flor2_42.jpg,2,2
flor4_136.jpg,4,2
flor3_283.jpg,3,2
flor2_57.jpg,2,2
flor4_290.jpg,4,2
flor6_416.jpg,6,2
flor3_70.jpg,3,2
flor2_67.jpg,2,2
flor3_459.jpg,3,2
flor3_372.jpg,3,2
flor6_48.jpg,6,2
flor2_162.jpg,2,2
flor1_96.jpg,1,2
flor7_10.jpg,7,2
flor7_378.jpg,7,2
flor6_388.jpg,6,2
flor2_171.jpg,2,2
flor7_208.jpg,7,2
flor2_294.jpg,2,2
flor6_45.jpg,6,2
flor6_424.jpg,6,2
flor6_332.jpg,6,2
flor2_237.jpg,2,2
flor6_195.jpg,6,2
flor5_386.jpg,5,2
flor7_332.jpg,7,2
flor3_478.jpg,3,2
flor4_46.jpg,4,2
flor6_67.jpg,6,2
flor4_217.jpg,4,2
flor1_63.jpg,1,2
flor3_262.jpg,3,2
flor5_169.jpg,5,2
flor4_462.jpg,4,2
flor4_141.jpg,4,2
flor6_314.jpg,6,2
flor2_304.jpg,2,2
flor6_138.jpg,6,2
flor5_170.jpg,5,2
flor4_312.jpg,4,2
flor5_143.jpg,5,2
flor7_211.jpg,7,2
flor6_91.jpg,6,2
flor3_434.jpg,3,2
flor3_257.jpg,3,2
flor6_83.jpg,6,2
flor2_82.jpg,2,2
flor7_367.jpg,7,2
flor5_213.jpg,5,2
flor5_121.jpg,5,2
flor7_282.jpg,7,2
flor7_331.jpg,7,2
flor7_238.jpg,7,2
flor4_470.jpg,4,2
flor2_168.jpg,2,2
flor6_72.jpg,6,2
flor5_19.jpg,5,2
flor6_438.jpg,6,2
flor7_71.jpg,7,2
flor6_63.jpg,6,2
flor2_24.jpg,2,2
flor2_278.jpg,2,2
flor4_471.jpg,4,2
flor6_73.jpg,6,2
flor2_0.jpg,2,2
flor7_246.jpg,7,2
flor2_109.jpg,2,2
flor3_435.jpg,3,2
flor2_321.jpg,2,2
flor7_335.jpg,7,2
flor4_322.jpg,4,2
flor4_395.jpg,4,2
flor5_318.jpg,5,2
flor7_319.jpg,7,2
flor6_113.jpg,6,2
flor4_84.jpg,4,2
flor7_481.jpg,7,2
flor6_58.jpg,6,2
flor2_23.jpg,2,2
flor2_28.jpg,2,2
flor3_16.jpg,3,2
