flor5_318.jpg,5,0
flor4_325.jpg,4,0
flor4_68.jpg,4,0
flor6_229.jpg,6,0
flor6_425.jpg,6,0
flor6_287.jpg,6,0
flor2_24.jpg,2,0
flor5_376.jpg,5,0
flor2_304.jpg,2,0
flor5_336.jpg,5,0
flor5_288.jpg,5,0
flor5_419.jpg,5,0
flor7_366.jpg,7,0
flor7_102.jpg,7,0
flor4_506.jpg,4,0
flor4_236.jpg,4,0
flor7_513.jpg,7,0
flor5_51.jpg,5,0
flor4_326.jpg,4,0
flor5_152.jpg,5,0
flor7_318.jpg,7,0
flor2_40.jpg,2,0
flor4_52.jpg,4,0
flor7_2.jpg,7,0
flor3_281.jpg,3,0
flor7_238.jpg,7,0
flor5_210.jpg,5,0
flor3_6.jpg,3,0
flor6_91.jpg,6,0
flor2_66.jpg,2,0
flor3_92.jpg,3,0
flor2_429.jpg,2,0
flor3_361.jpg,3,0
flor6_267.jpg,6,0
flor5_157.jpg,5,0
flor6_243.jpg,6,0
flor7_269.jpg,7,0
flor4_401.jpg,4,0
flor7_365.jpg,7,0
flor2_55.jpg,2,0
flor7_136.jpg,7,0
flor4_340.jpg,4,0
flor3_108.jpg,3,0
flor7_145.jpg,7,0
flor6_24.jpg,6,0
flor4_167.jpg,4,0
flor6_399.jpg,6,0
flor7_208.jpg,7,0
flor3_70.jpg,3,0
flor4_179.jpg,4,0
flor4_347.jpg,4,0
flor4_262.jpg,4,0
flor4_132.jpg,4,0
flor6_86.jpg,6,0
flor3_153.jpg,3,0
flor2_400.jpg,2,0
flor5_13.jpg,5,0
flor7_528.jpg,7,0
flor2_427.jpg,2,0
flor3_91.jpg,3,0
flor5_41.jpg,5,0
flor4_318.jpg,4,0
flor3_370.jpg,3,0
flor5_412.jpg,5,0
flor7_254.jpg,7,0
flor6_84.jpg,6,0
flor2_161.jpg,2,0
flor3_200.jpg,3,0
flor4_21.jpg,4,0
flor3_112.jpg,3,0
flor2_168.jpg,2,0
flor7_390.jpg,7,0
flor6_437.jpg,6,0
flor5_16.jpg,5,0
flor2_283.jpg,2,0
flor3_167.jpg,3,0
flor6_57.jpg,6,0
flor5_150.jpg,5,0
flor1_51.jpg,1,0
flor4_137.jpg,4,0
flor6_63.jpg,6,0
flor4_517.jpg,4,0
flor5_122.jpg,5,0
flor4_480.jpg,4,0
flor4_395.jpg,4,0
flor7_68.jpg,7,0
flor2_223.jpg,2,0
flor6_211.jpg,6,0
flor5_176.jpg,5,0
flor4_532.jpg,4,0
flor2_75.jpg,2,0
flor1_29.jpg,1,0
flor2_186.jpg,2,0
flor7_418.jpg,7,0
flor6_345.jpg,6,0
flor6_423.jpg,6,0
flor5_259.jpg,5,0
flor5_8.jpg,5,0
flor5_295.jpg,5,0
flor4_535.jpg,4,0
flor2_474.jpg,2,0
flor2_60.jpg,2,0
flor7_154.jpg,7,0
flor5_229.jpg,5,0
flor5_439.jpg,5,0
flor3_63.jpg,3,0
flor3_257.jpg,3,0
flor2_477.jpg,2,0
flor5_455.jpg,5,0
flor2_190.jpg,2,0
flor4_486.jpg,4,0
flor7_94.jpg,7,0
flor4_360.jpg,4,0
flor7_125.jpg,7,0
flor1_0.jpg,1,0
flor1_56.jpg,1,0
flor2_343.jpg,2,0
flor2_404.jpg,2,0
flor7_143.jpg,7,0
flor4_416.jpg,4,0
flor6_147.jpg,6,0
flor6_379.jpg,6,0
flor1_73.jpg,1,0
flor4_321.jpg,4,0
flor3_205.jpg,3,0
flor1_58.jpg,1,0
flor7_454.jpg,7,0
flor6_17.jpg,6,0
flor5_169.jpg,5,0
flor2_305.jpg,2,0
flor6_59.jpg,6,0
flor6_186.jpg,6,0
flor4_256.jpg,4,0
flor7_174.jpg,7,0
flor6_494.jpg,6,0
flor5_85.jpg,5,0
flor2_437.jpg,2,0
flor1_76.jpg,1,0
flor3_241.jpg,3,0
flor2_185.jpg,2,0
flor1_32.jpg,1,0
flor4_423.jpg,4,0
flor4_174.jpg,4,0
flor6_389.jpg,6,0
flor4_499.jpg,4,0
flor2_239.jpg,2,0
flor2_399.jpg,2,0
flor7_197.jpg,7,0
flor5_369.jpg,5,0
flor3_342.jpg,3,0
flor2_473.jpg,2,0
flor3_262.jpg,3,0
flor5_245.jpg,5,0
flor7_382.jpg,7,0
flor4_252.jpg,4,0
flor7_220.jpg,7,0
flor1_25.jpg,1,0
flor1_14.jpg,1,0
flor2_34.jpg,2,0
flor4_206.jpg,4,0
flor2_453.jpg,2,0
flor7_228.jpg,7,0
flor2_370.jpg,2,0
flor5_187.jpg,5,0
flor4_282.jpg,4,0
flor4_382.jpg,4,0
flor2_350.jpg,2,0
flor4_425.jpg,4,0
flor4_37.jpg,4,0
flor6_393.jpg,6,0
flor3_198.jpg,3,0
flor5_97.jpg,5,0
flor2_93.jpg,2,0
flor3_410.jpg,3,0
flor2_282.jpg,2,0
flor7_406.jpg,7,0
flor3_207.jpg,3,0
flor4_306.jpg,4,0
flor2_514.jpg,2,0
flor6_480.jpg,6,0
flor2_46.jpg,2,0
flor2_11.jpg,2,0
flor4_361.jpg,4,0
flor5_317.jpg,5,0
flor2_155.jpg,2,0
flor3_463.jpg,3,0
flor3_433.jpg,3,0
flor6_144.jpg,6,0
flor4_283.jpg,4,0
flor7_249.jpg,7,0
flor1_63.jpg,1,0
flor7_398.jpg,7,0
flor6_83.jpg,6,0
flor3_450.jpg,3,0
flor7_14.jpg,7,0
flor5_104.jpg,5,0
flor3_147.jpg,3,0
flor7_436.jpg,7,0
flor2_523.jpg,2,0
flor4_538.jpg,4,0
flor5_244.jpg,5,0
flor4_399.jpg,4,0
flor6_506.jpg,6,0
flor4_277.jpg,4,0
flor2_128.jpg,2,0
flor2_426.jpg,2,0
flor2_101.jpg,2,0
flor7_358.jpg,7,0
flor7_494.jpg,7,0
flor6_258.jpg,6,0
flor6_474.jpg,6,0
flor7_321.jpg,7,0
flor5_67.jpg,5,0
flor1_22.jpg,1,0
flor2_322.jpg,2,0
flor7_548.jpg,7,0
flor6_164.jpg,6,0
flor3_137.jpg,3,0
flor4_128.jpg,4,0
flor3_459.jpg,3,0
flor6_192.jpg,6,0
flor6_330.jpg,6,0
flor6_454.jpg,6,0
flor2_151.jpg,2,0
flor5_105.jpg,5,0
flor3_154.jpg,3,0
flor3_409.jpg,3,0
flor7_431.jpg,7,0
flor1_45.jpg,1,0
flor1_33.jpg,1,0
flor7_387.jpg,7,0
flor6_130.jpg,6,0
flor4_35.jpg,4,0
flor6_484.jpg,6,0
flor7_116.jpg,7,0
flor6_51.jpg,6,0
flor6_240.jpg,6,0
flor7_0.jpg,7,0
flor3_393.jpg,3,0
flor2_142.jpg,2,0
flor5_21.jpg,5,0
flor1_124.jpg,1,0
flor2_466.jpg,2,0
flor7_364.jpg,7,0
flor6_448.jpg,6,0
flor6_113.jpg,6,0
flor6_62.jpg,6,0
flor3_54.jpg,3,0
flor1_96.jpg,1,0
flor2_99.jpg,2,0
flor3_285.jpg,3,0
flor3_145.jpg,3,0
flor3_78.jpg,3,0
flor6_170.jpg,6,0
flor2_302.jpg,2,0
flor4_171.jpg,4,0
flor3_438.jpg,3,0
flor3_174.jpg,3,0
flor7_164.jpg,7,0
flor4_165.jpg,4,0
flor5_136.jpg,5,0
flor3_268.jpg,3,0
flor7_319.jpg,7,0
flor5_361.jpg,5,0
flor6_129.jpg,6,0
flor2_56.jpg,2,0
flor4_266.jpg,4,0
flor6_195.jpg,6,0
flor5_371.jpg,5,0
flor6_404.jpg,6,0
flor5_433.jpg,5,0
flor4_26.jpg,4,0
flor7_138.jpg,7,0
flor2_522.jpg,2,0
flor4_302.jpg,4,0
flor7_117.jpg,7,0
flor7_557.jpg,7,0
flor7_64.jpg,7,0
flor2_47.jpg,2,0
flor7_367.jpg,7,0
flor4_244.jpg,4,0
flor2_86.jpg,2,0
flor3_298.jpg,3,0
flor3_15.jpg,3,0
flor3_180.jpg,3,0
flor6_168.jpg,6,0
flor7_376.jpg,7,0
flor2_471.jpg,2,0
flor2_421.jpg,2,0
flor4_229.jpg,4,0
flor3_82.jpg,3,0
flor6_291.jpg,6,0
flor2_83.jpg,2,0
flor4_528.jpg,4,0
flor3_176.jpg,3,0
flor4_221.jpg,4,0
flor6_174.jpg,6,0
flor4_246.jpg,4,0
flor7_335.jpg,7,0
flor5_251.jpg,5,0
flor4_332.jpg,4,0
flor1_43.jpg,1,0
flor2_240.jpg,2,0
flor4_504.jpg,4,0
flor7_357.jpg,7,0
flor4_130.jpg,4,0
flor3_301.jpg,3,0
flor6_328.jpg,6,0
flor2_315.jpg,2,0
flor3_134.jpg,3,0
flor7_27.jpg,7,0
flor6_310.jpg,6,0
flor3_468.jpg,3,0
flor4_193.jpg,4,0
flor7_298.jpg,7,0
flor7_296.jpg,7,0
flor7_16.jpg,7,0
flor1_80.jpg,1,0
flor1_70.jpg,1,0
flor2_470.jpg,2,0
flor4_496.jpg,4,0
flor7_340.jpg,7,0
flor4_41.jpg,4,0
flor2_358.jpg,2,0
flor5_39.jpg,5,0
flor3_339.jpg,3,0
flor5_303.jpg,5,0
flor7_402.jpg,7,0
flor2_454.jpg,2,0
flor2_373.jpg,2,0
flor5_387.jpg,5,0
flor2_129.jpg,2,0
flor2_42.jpg,2,0
flor4_471.jpg,4,0
flor4_381.jpg,4,0
flor7_399.jpg,7,0
flor6_320.jpg,6,0
flor2_45.jpg,2,0
flor6_77.jpg,6,0
flor1_69.jpg,1,0
flor1_108.jpg,1,0
flor7_384.jpg,7,0
flor5_225.jpg,5,0
flor6_238.jpg,6,0
flor5_267.jpg,5,0
flor2_526.jpg,2,0
flor3_509.jpg,3,0
flor5_197.jpg,5,0
flor6_499.jpg,6,0
flor7_134.jpg,7,0
flor5_350.jpg,5,0
flor6_118.jpg,6,0
flor4_474.jpg,4,0
flor3_470.jpg,3,0
flor5_304.jpg,5,0
flor4_247.jpg,4,0
flor7_395.jpg,7,0
flor7_272.jpg,7,0
flor7_447.jpg,7,0
flor3_125.jpg,3,0
flor2_123.jpg,2,0
flor3_388.jpg,3,0
flor4_181.jpg,4,0
flor5_429.jpg,5,0
flor6_152.jpg,6,0
flor6_85.jpg,6,0
flor6_180.jpg,6,0
flor6_492.jpg,6,0
flor2_112.jpg,2,0
flor3_471.jpg,3,0
flor4_403.jpg,4,0
flor7_142.jpg,7,0
flor2_279.jpg,2,0
flor3_474.jpg,3,0
flor6_42.jpg,6,0
flor4_431.jpg,4,0
flor7_273.jpg,7,0
flor6_375.jpg,6,0
flor2_242.jpg,2,0
flor7_508.jpg,7,0
flor1_87.jpg,1,0
flor7_59.jpg,7,0
flor2_163.jpg,2,0
flor4_48.jpg,4,0
flor6_165.jpg,6,0
flor3_130.jpg,3,0
flor3_143.jpg,3,0
flor5_238.jpg,5,0
flor2_135.jpg,2,0
flor6_37.jpg,6,0
flor5_224.jpg,5,0
flor2_64.jpg,2,0
flor4_298.jpg,4,0
flor7_44.jpg,7,0
flor3_346.jpg,3,0
flor2_484.jpg,2,0
flor2_16.jpg,2,0
flor1_88.jpg,1,0
flor2_362.jpg,2,0
flor2_226.jpg,2,0
flor7_391.jpg,7,0
flor7_155.jpg,7,0
flor6_410.jpg,6,0
flor2_7.jpg,2,0
flor4_314.jpg,4,0
flor2_215.jpg,2,0
flor3_493.jpg,3,0
flor6_366.jpg,6,0
flor5_338.jpg,5,0
flor7_241.jpg,7,0
flor6_290.jpg,6,0
flor3_497.jpg,3,0
flor3_495.jpg,3,0
flor3_175.jpg,3,0
flor2_280.jpg,2,0
flor7_70.jpg,7,0
flor2_238.jpg,2,0
flor3_72.jpg,3,0
flor1_48.jpg,1,0
flor5_24.jpg,5,0
flor1_26.jpg,1,0
flor7_524.jpg,7,0
flor4_421.jpg,4,0
flor2_91.jpg,2,0
flor4_7.jpg,4,0
flor3_288.jpg,3,0
flor5_335.jpg,5,0
flor2_311.jpg,2,0
flor3_178.jpg,3,0
flor7_486.jpg,7,0
flor3_215.jpg,3,0
flor5_139.jpg,5,0
flor2_237.jpg,2,0
flor2_288.jpg,2,0
flor7_350.jpg,7,0
flor5_343.jpg,5,0
flor2_68.jpg,2,0
flor3_14.jpg,3,0
flor4_28.jpg,4,0
flor4_509.jpg,4,0
flor6_41.jpg,6,0
flor7_165.jpg,7,0
flor3_16.jpg,3,0
flor7_90.jpg,7,0
flor7_229.jpg,7,0
flor7_440.jpg,7,0
flor1_111.jpg,1,0
flor2_80.jpg,2,0
flor3_300.jpg,3,0
flor5_75.jpg,5,0
flor4_447.jpg,4,0
flor2_407.jpg,2,0
flor7_23.jpg,7,0
flor5_382.jpg,5,0
flor7_258.jpg,7,0
flor6_282.jpg,6,0
flor3_278.jpg,3,0
flor3_126.jpg,3,0
flor6_392.jpg,6,0
flor4_113.jpg,4,0
flor1_31.jpg,1,0
flor5_109.jpg,5,0
flor3_1.jpg,3,0
flor3_210.jpg,3,0
flor7_48.jpg,7,0
flor6_314.jpg,6,0
flor5_112.jpg,5,0
flor7_487.jpg,7,0
flor2_433.jpg,2,0
flor6_198.jpg,6,0
flor3_354.jpg,3,0
flor4_402.jpg,4,0
flor7_200.jpg,7,0
flor4_200.jpg,4,0
flor5_132.jpg,5,0
flor6_160.jpg,6,0
flor7_435.jpg,7,0
flor7_173.jpg,7,0
flor2_187.jpg,2,0
flor2_410.jpg,2,0
flor5_442.jpg,5,0
flor6_426.jpg,6,0
flor4_390.jpg,4,0
flor2_118.jpg,2,0
flor4_40.jpg,4,0
flor6_75.jpg,6,0
flor2_71.jpg,2,0
flor4_287.jpg,4,0
flor5_239.jpg,5,0
flor2_493.jpg,2,0
flor6_408.jpg,6,0
flor4_238.jpg,4,0
flor7_475.jpg,7,0
flor4_489.jpg,4,0
flor5_222.jpg,5,0
flor2_111.jpg,2,0
flor2_265.jpg,2,0
flor4_185.jpg,4,0
flor7_262.jpg,7,0
flor4_269.jpg,4,0
flor3_121.jpg,3,0
flor4_438.jpg,4,0
flor3_101.jpg,3,0
flor5_102.jpg,5,0
flor2_405.jpg,2,0
flor6_461.jpg,6,0
flor4_101.jpg,4,0
flor5_166.jpg,5,0
flor2_503.jpg,2,0
flor6_344.jpg,6,0
flor2_378.jpg,2,0
flor7_207.jpg,7,0
flor7_5.jpg,7,0
flor7_306.jpg,7,0
flor6_422.jpg,6,0
flor6_316.jpg,6,0
flor4_207.jpg,4,0
flor4_241.jpg,4,0
flor3_326.jpg,3,0
flor4_270.jpg,4,0
flor6_327.jpg,6,0
flor6_10.jpg,6,0
flor2_440.jpg,2,0
flor2_154.jpg,2,0
flor4_525.jpg,4,0
flor7_283.jpg,7,0
flor7_35.jpg,7,0
flor6_185.jpg,6,0
flor6_173.jpg,6,0
flor3_347.jpg,3,0
flor2_383.jpg,2,0
flor3_335.jpg,3,0
flor2_197.jpg,2,0
flor3_515.jpg,3,0
flor1_52.jpg,1,0
flor7_471.jpg,7,0
flor7_354.jpg,7,0
flor2_419.jpg,2,0
flor5_294.jpg,5,0
flor2_292.jpg,2,0
flor7_235.jpg,7,0
flor4_240.jpg,4,0
flor7_232.jpg,7,0
flor6_288.jpg,6,0
flor5_425.jpg,5,0
flor6_140.jpg,6,0
flor2_344.jpg,2,0
flor4_191.jpg,4,0
flor6_363.jpg,6,0
flor5_368.jpg,5,0
flor6_501.jpg,6,0
flor5_32.jpg,5,0
flor3_139.jpg,3,0
flor3_487.jpg,3,0
flor4_276.jpg,4,0
flor5_70.jpg,5,0
flor1_44.jpg,1,0
flor3_217.jpg,3,0
flor2_170.jpg,2,0
flor6_78.jpg,6,0
flor4_475.jpg,4,0
flor6_58.jpg,6,0
flor3_391.jpg,3,0
flor6_73.jpg,6,0
flor1_120.jpg,1,0
flor2_144.jpg,2,0
flor7_457.jpg,7,0
flor2_38.jpg,2,0
flor4_103.jpg,4,0
flor4_234.jpg,4,0
flor3_41.jpg,3,0
flor4_57.jpg,4,0
flor4_212.jpg,4,0
flor5_446.jpg,5,0
flor2_367.jpg,2,0
flor2_509.jpg,2,0
flor2_48.jpg,2,0
flor2_181.jpg,2,0
flor4_524.jpg,4,0
flor2_439.jpg,2,0
flor2_6.jpg,2,0
flor6_135.jpg,6,0
flor5_209.jpg,5,0
flor1_17.jpg,1,0
flor5_392.jpg,5,0
flor1_30.jpg,1,0
flor6_356.jpg,6,0
flor3_141.jpg,3,0
flor4_192.jpg,4,0
flor2_329.jpg,2,0
flor1_102.jpg,1,0
flor7_71.jpg,7,0
flor7_394.jpg,7,0
flor7_89.jpg,7,0
flor2_379.jpg,2,0
flor3_233.jpg,3,0
flor7_115.jpg,7,0
flor3_314.jpg,3,0
flor3_377.jpg,3,0
flor2_483.jpg,2,0
flor6_69.jpg,6,0
flor4_387.jpg,4,0
flor3_148.jpg,3,0
flor2_357.jpg,2,0
flor4_155.jpg,4,0
flor2_274.jpg,2,0
flor7_361.jpg,7,0
flor4_290.jpg,4,0
flor7_216.jpg,7,0
flor4_472.jpg,4,0
flor4_36.jpg,4,0
flor3_312.jpg,3,0
flor5_448.jpg,5,0
flor5_205.jpg,5,0
flor5_182.jpg,5,0
flor2_335.jpg,2,0
flor6_112.jpg,6,0
flor3_397.jpg,3,0
flor7_146.jpg,7,0
flor4_86.jpg,4,0
flor2_194.jpg,2,0
flor3_411.jpg,3,0
flor6_489.jpg,6,0
flor2_203.jpg,2,0
flor2_90.jpg,2,0
flor3_203.jpg,3,0
flor2_286.jpg,2,0
flor2_119.jpg,2,0
flor3_359.jpg,3,0
flor3_305.jpg,3,0
flor6_386.jpg,6,0
flor6_131.jpg,6,0
flor7_488.jpg,7,0
flor4_441.jpg,4,0
flor6_104.jpg,6,0
flor4_11.jpg,4,0
flor6_478.jpg,6,0
flor3_407.jpg,3,0
flor5_306.jpg,5,0
flor6_435.jpg,6,0
flor6_38.jpg,6,0
flor6_193.jpg,6,0
flor4_465.jpg,4,0
flor2_340.jpg,2,0
flor2_204.jpg,2,0
flor5_72.jpg,5,0
flor6_355.jpg,6,0
flor2_126.jpg,2,0
flor2_193.jpg,2,0
flor1_67.jpg,1,0
flor7_515.jpg,7,0
flor6_255.jpg,6,1
flor7_452.jpg,7,1
flor2_67.jpg,2,1
flor4_46.jpg,4,1
flor2_332.jpg,2,1
flor2_13.jpg,2,1
flor2_287.jpg,2,1
flor5_20.jpg,5,1
flor2_308.jpg,2,1
flor4_59.jpg,4,1
flor2_393.jpg,2,1
flor6_25.jpg,6,1
flor3_195.jpg,3,1
flor2_351.jpg,2,1
flor4_482.jpg,4,1
flor4_380.jpg,4,1
flor3_100.jpg,3,1
flor4_533.jpg,4,1
flor7_257.jpg,7,1
flor4_481.jpg,4,1
flor3_193.jpg,3,1
flor4_51.jpg,4,1
flor5_282.jpg,5,1
flor7_469.jpg,7,1
flor7_378.jpg,7,1
flor7_53.jpg,7,1
flor6_443.jpg,6,1
flor6_429.jpg,6,1
flor6_278.jpg,6,1
flor2_218.jpg,2,1
flor2_314.jpg,2,1
flor3_389.jpg,3,1
flor7_141.jpg,7,1
flor5_185.jpg,5,1
flor2_150.jpg,2,1
flor2_50.jpg,2,1
flor3_21.jpg,3,1
flor3_372.jpg,3,1
flor4_371.jpg,4,1
flor6_420.jpg,6,1
flor2_394.jpg,2,1
flor4_292.jpg,4,1
flor2_103.jpg,2,1
flor4_368.jpg,4,1
flor3_460.jpg,3,1
flor6_161.jpg,6,1
flor7_288.jpg,7,1
flor7_478.jpg,7,1
flor6_239.jpg,6,1
flor6_496.jpg,6,1
flor3_65.jpg,3,1
flor3_27.jpg,3,1
flor4_324.jpg,4,1
flor5_297.jpg,5,1
flor3_510.jpg,3,1
flor6_378.jpg,6,1
flor5_114.jpg,5,1
flor2_138.jpg,2,1
flor4_145.jpg,4,1
flor6_149.jpg,6,1
flor2_259.jpg,2,1
flor3_239.jpg,3,1
flor1_93.jpg,1,1
flor5_389.jpg,5,1
flor7_333.jpg,7,1
flor3_363.jpg,3,1
flor2_482.jpg,2,1
flor7_481.jpg,7,1
flor3_95.jpg,3,1
flor2_450.jpg,2,1
flor3_97.jpg,3,1
flor7_264.jpg,7,1
flor2_444.jpg,2,1
flor5_103.jpg,5,1
flor6_266.jpg,6,1
flor7_159.jpg,7,1
flor2_49.jpg,2,1
flor6_145.jpg,6,1
flor2_171.jpg,2,1
flor2_196.jpg,2,1
flor5_121.jpg,5,1
flor3_485.jpg,3,2
flor6_331.jpg,6,2
flor6_138.jpg,6,2
flor7_126.jpg,7,2
flor4_303.jpg,4,2
flor6_89.jpg,6,2
flor4_210.jpg,4,2
flor4_369.jpg,4,2
flor7_551.jpg,7,2
flor3_31.jpg,3,2
flor5_283.jpg,5,2
flor4_107.jpg,4,2
flor6_376.jpg,6,2
flor7_198.jpg,7,2
flor3_373.jpg,3,2
flor2_233.jpg,2,2
flor7_193.jpg,7,2
flor4_462.jpg,4,2
flor3_29.jpg,3,2
flor2_295.jpg,2,2
flor6_280.jpg,6,2
flor4_15.jpg,4,2
flor4_79.jpg,4,2
flor6_406.jpg,6,2
flor5_330.jpg,5,2
flor4_110.jpg,4,2
flor5_287.jpg,5,2
flor6_1.jpg,6,2
flor4_151.jpg,4,2
flor3_243.jpg,3,2
flor2_51.jpg,2,2
flor4_542.jpg,4,2
flor7_19.jpg,7,2
flor3_378.jpg,3,2
flor2_436.jpg,2,2
flor3_18.jpg,3,2
flor3_36.jpg,3,2
flor7_397.jpg,7,2
flor5_55.jpg,5,2
flor5_3.jpg,5,2
flor2_222.jpg,2,2
flor2_527.jpg,2,2
flor3_444.jpg,3,2
flor2_105.jpg,2,2
flor5_435.jpg,5,2
flor2_468.jpg,2,2
flor3_469.jpg,3,2
flor4_271.jpg,4,2
flor4_66.jpg,4,2
flor5_28.jpg,5,2
flor4_76.jpg,4,2
flor5_276.jpg,5,2
flor3_482.jpg,3,2
flor2_416.jpg,2,2
flor2_310.jpg,2,2
flor4_313.jpg,4,2
flor6_285.jpg,6,2
flor4_373.jpg,4,2
flor6_464.jpg,6,2
flor2_415.jpg,2,2
flor7_189.jpg,7,2
flor7_328.jpg,7,2
flor2_82.jpg,2,2
flor6_136.jpg,6,2
flor6_458.jpg,6,2
flor3_12.jpg,3,2
flor3_248.jpg,3,2
flor2_21.jpg,2,2
flor3_146.jpg,3,2
flor3_365.jpg,3,2
flor1_7.jpg,1,2
flor4_159.jpg,4,2
flor5_219.jpg,5,2
flor4_98.jpg,4,2
flor5_141.jpg,5,2
flor4_149.jpg,4,2
flor4_439.jpg,4,2
flor2_148.jpg,2,2
flor2_321.jpg,2,2
flor6_214.jpg,6,2
flor7_323.jpg,7,2
flor5_198.jpg,5,2
